-- OIC Shepherd Seed Data
-- Run AFTER 001_initial_schema.sql

-- ── Families ──────────────────────────────────────────
insert into families (id, label, tags) values ('cheng-household', 'Cheng Family', '{}') on conflict (id) do nothing;
insert into families (id, label, tags) values ('kao-household', 'Kao Family', '{}') on conflict (id) do nothing;
insert into families (id, label, tags) values ('levin-household', 'Levin Family', '{}') on conflict (id) do nothing;
insert into families (id, label, tags) values ('zhang-household', 'Zhang Family', '{}') on conflict (id) do nothing;
insert into families (id, label, tags) values ('tang-household', 'Tang Family', '{}') on conflict (id) do nothing;
insert into families (id, label, tags) values ('eades-family', 'Eades Family', '{}') on conflict (id) do nothing;
insert into families (id, label, tags) values ('xia-family', 'Xia Family', '{}') on conflict (id) do nothing;
insert into families (id, label, tags) values ('braswell-family', 'Braswell Family', '{}') on conflict (id) do nothing;
insert into families (id, label, tags) values ('sparklin-family', 'Sparklin Family', '{}') on conflict (id) do nothing;
insert into families (id, label, tags) values ('liu-family', 'Liu Family', '{}') on conflict (id) do nothing;

-- ── People ───────────────────────────────────────────
insert into people (id, english_name, chinese_name, gender, is_shepherd, membership_status, language, family_id, follow_up_frequency_days, created_at) values ('xiang-you', 'Bob You', 'Xiang', NULL, false, 'member', 'english', NULL, 14, now()) on conflict (id) do nothing;
insert into people (id, english_name, gender, is_shepherd, membership_status, language, family_id, follow_up_frequency_days, created_at) values ('long-cheng', 'Long Cheng', 'male', true, 'member', 'english', 'cheng-household', 14, now()) on conflict (id) do nothing;
insert into people (id, english_name, gender, is_shepherd, membership_status, language, family_id, follow_up_frequency_days, created_at) values ('david-kao', 'David Kao', 'male', true, 'member', 'english', 'kao-household', 14, now()) on conflict (id) do nothing;
insert into people (id, english_name, gender, is_shepherd, membership_status, language, family_id, follow_up_frequency_days, created_at) values ('yu-shan-tsai', 'Yu-Shan Tsai', 'female', false, 'member', 'english', 'kao-household', 14, now()) on conflict (id) do nothing;
insert into people (id, english_name, gender, is_shepherd, membership_status, language, family_id, follow_up_frequency_days, created_at) values ('harmon-blanding', 'Harmon Blanding', NULL, false, 'archive', 'english', NULL, 14, now()) on conflict (id) do nothing;
insert into people (id, english_name, gender, is_shepherd, membership_status, language, family_id, follow_up_frequency_days, created_at) values ('bonnie-drumheller', 'Bonnie Drumheller', NULL, false, 'archive', 'english', NULL, 14, now()) on conflict (id) do nothing;
insert into people (id, english_name, gender, is_shepherd, membership_status, language, family_id, follow_up_frequency_days, created_at) values ('eva-brooks', 'Eva Brooks', NULL, false, 'member', 'english', NULL, 14, now()) on conflict (id) do nothing;
insert into people (id, english_name, gender, is_shepherd, membership_status, language, family_id, follow_up_frequency_days, created_at) values ('janette-blanding', 'Janette Blanding', NULL, false, 'archive', 'english', NULL, 14, now()) on conflict (id) do nothing;
insert into people (id, english_name, chinese_name, gender, is_shepherd, membership_status, language, family_id, follow_up_frequency_days, created_at) values ('kwan-cheng', 'Sonia Cheng', 'Kwan', NULL, false, 'member', 'english', NULL, 14, now()) on conflict (id) do nothing;
insert into people (id, english_name, gender, is_shepherd, membership_status, language, family_id, follow_up_frequency_days, created_at) values ('zachary-daily', 'Zachary Daily', NULL, false, 'member', 'english', NULL, 14, now()) on conflict (id) do nothing;
insert into people (id, english_name, chinese_name, gender, is_shepherd, membership_status, language, family_id, follow_up_frequency_days, created_at) values ('lyle-brooks', 'Pete Brooks', 'Lyle', NULL, false, 'member', 'english', NULL, 14, now()) on conflict (id) do nothing;
insert into people (id, english_name, gender, is_shepherd, membership_status, language, family_id, follow_up_frequency_days, created_at) values ('jimmy-cash', 'Jimmy Cash (passed away)', NULL, false, 'archive', 'english', NULL, 14, now()) on conflict (id) do nothing;
insert into people (id, english_name, gender, is_shepherd, membership_status, language, family_id, follow_up_frequency_days, created_at) values ('phyllis-cash', 'Phyllis Cash', NULL, false, 'archive', 'english', NULL, 14, now()) on conflict (id) do nothing;
insert into people (id, english_name, gender, is_shepherd, membership_status, language, family_id, follow_up_frequency_days, created_at) values ('lizhi-daily', 'Lizhi Daily', NULL, false, 'member', 'english', NULL, 14, now()) on conflict (id) do nothing;
insert into people (id, english_name, gender, is_shepherd, membership_status, language, family_id, follow_up_frequency_days, created_at) values ('hanping-bao', 'Hanping Bao', NULL, false, 'archive', 'english', NULL, 14, now()) on conflict (id) do nothing;
insert into people (id, english_name, gender, is_shepherd, membership_status, language, family_id, follow_up_frequency_days, created_at) values ('yinong-fang', 'Yinong Fang', NULL, false, 'member', 'english', NULL, 14, now()) on conflict (id) do nothing;
insert into people (id, english_name, gender, is_shepherd, membership_status, language, family_id, follow_up_frequency_days, created_at) values ('daini-eades', 'Daini Eades', NULL, false, 'member', 'english', 'eades-family', 14, now()) on conflict (id) do nothing;
insert into people (id, english_name, gender, is_shepherd, membership_status, language, family_id, follow_up_frequency_days, created_at) values ('asia-brady', 'Asia Brady', 'female', true, 'member', 'english', NULL, 14, now()) on conflict (id) do nothing;
insert into people (id, english_name, gender, is_shepherd, membership_status, language, family_id, follow_up_frequency_days, created_at) values ('keimei-chang', 'KeiMei Chang', NULL, false, 'member', 'english', NULL, 14, now()) on conflict (id) do nothing;
insert into people (id, english_name, gender, is_shepherd, membership_status, language, family_id, follow_up_frequency_days, created_at) values ('fangyu-ai', 'Fangyu Ai', 'female', false, 'member', 'english', 'cheng-household', 14, now()) on conflict (id) do nothing;
insert into people (id, english_name, gender, is_shepherd, membership_status, language, family_id, follow_up_frequency_days, created_at) values ('james-forbes', 'James Forbes', NULL, false, 'member', 'english', NULL, 14, now()) on conflict (id) do nothing;
insert into people (id, english_name, gender, is_shepherd, membership_status, language, family_id, follow_up_frequency_days, created_at) values ('diane-francis', 'Diane Francis', NULL, false, 'member', 'english', NULL, 14, now()) on conflict (id) do nothing;
insert into people (id, english_name, gender, is_shepherd, membership_status, language, family_id, follow_up_frequency_days, created_at) values ('jacob-eades', 'Jacob Eades', NULL, false, 'member', 'english', 'eades-family', 14, now()) on conflict (id) do nothing;
insert into people (id, english_name, gender, is_shepherd, membership_status, language, family_id, follow_up_frequency_days, created_at) values ('faye-gallier', 'Faye Gallier', NULL, false, 'member', 'english', NULL, 14, now()) on conflict (id) do nothing;
insert into people (id, english_name, gender, is_shepherd, membership_status, language, family_id, follow_up_frequency_days, created_at) values ('gordon-goh', 'Gordon Goh', NULL, false, 'member', 'english', NULL, 14, now()) on conflict (id) do nothing;
insert into people (id, english_name, gender, is_shepherd, membership_status, language, family_id, follow_up_frequency_days, created_at) values ('anna-goh', 'Anna Goh', NULL, false, 'member', 'english', NULL, 14, now()) on conflict (id) do nothing;
insert into people (id, english_name, chinese_name, gender, is_shepherd, membership_status, language, family_id, follow_up_frequency_days, created_at) values ('long-jing', 'James Jing', 'Long', 'male', false, 'archive', 'english', NULL, 14, now()) on conflict (id) do nothing;
insert into people (id, english_name, gender, is_shepherd, membership_status, language, family_id, follow_up_frequency_days, created_at) values ('huina-hu', 'Huina Hu', NULL, false, 'archive', 'english', NULL, 14, now()) on conflict (id) do nothing;
insert into people (id, english_name, gender, is_shepherd, membership_status, language, family_id, follow_up_frequency_days, created_at) values ('gillian-tang', 'Gillian Tang', 'female', true, 'member', 'english', 'tang-household', 14, now()) on conflict (id) do nothing;
insert into people (id, english_name, gender, is_shepherd, membership_status, language, family_id, follow_up_frequency_days, created_at) values ('lui-kuong-lai', 'Lui Kuong Lai', NULL, false, 'member', 'english', NULL, 14, now()) on conflict (id) do nothing;
insert into people (id, english_name, chinese_name, gender, is_shepherd, membership_status, language, family_id, follow_up_frequency_days, created_at) values ('lin-ho', 'Lisa Levin', 'Lin Ho', 'female', false, 'member', 'english', 'levin-household', 14, now()) on conflict (id) do nothing;
insert into people (id, english_name, chinese_name, gender, is_shepherd, membership_status, language, family_id, follow_up_frequency_days, created_at) values ('yixin-jin', 'Joy Jin', 'Yixin', NULL, false, 'member', 'english', NULL, 14, now()) on conflict (id) do nothing;
insert into people (id, english_name, gender, is_shepherd, membership_status, language, family_id, follow_up_frequency_days, created_at) values ('jack-kerns', 'Jack Kerns', NULL, false, 'member', 'english', NULL, 14, now()) on conflict (id) do nothing;
insert into people (id, english_name, chinese_name, gender, is_shepherd, membership_status, language, family_id, follow_up_frequency_days, created_at) values ('mei-li', 'Melinda Li', 'Mei', 'female', false, 'member', 'english', 'zhang-household', 14, now()) on conflict (id) do nothing;
insert into people (id, english_name, gender, is_shepherd, membership_status, language, family_id, follow_up_frequency_days, created_at) values ('jake-guerrero', 'Jake Guerrero', NULL, false, 'member', 'english', NULL, 14, now()) on conflict (id) do nothing;
insert into people (id, english_name, gender, is_shepherd, membership_status, language, family_id, follow_up_frequency_days, created_at) values ('faith-lang', 'Faith Lang', NULL, false, 'member', 'english', NULL, 14, now()) on conflict (id) do nothing;
insert into people (id, english_name, gender, is_shepherd, membership_status, language, family_id, follow_up_frequency_days, created_at) values ('xiaosang-huang', 'Xiaosang Huang', NULL, false, 'member', 'english', NULL, 14, now()) on conflict (id) do nothing;
insert into people (id, english_name, gender, is_shepherd, membership_status, language, family_id, follow_up_frequency_days, created_at) values ('tyler-levin', 'Tyler Levin', 'male', true, 'member', 'english', 'levin-household', 14, now()) on conflict (id) do nothing;
insert into people (id, english_name, gender, is_shepherd, membership_status, language, family_id, follow_up_frequency_days, created_at) values ('brenda-kerns', 'Brenda Kerns', NULL, false, 'member', 'english', NULL, 14, now()) on conflict (id) do nothing;
insert into people (id, english_name, chinese_name, gender, is_shepherd, membership_status, language, family_id, follow_up_frequency_days, created_at) values ('rachel-liu', 'Rachel Liu', '李金鹤', NULL, true, 'member', 'english', 'liu-family', 14, now()) on conflict (id) do nothing;
insert into people (id, english_name, gender, is_shepherd, membership_status, language, family_id, follow_up_frequency_days, created_at) values ('yingguang-liu', 'Yingguang Liu', NULL, false, 'member', 'english', NULL, 14, now()) on conflict (id) do nothing;
insert into people (id, english_name, gender, is_shepherd, membership_status, language, family_id, follow_up_frequency_days, created_at) values ('tom-mullett', 'Tom Mullett', NULL, false, 'member', 'english', NULL, 14, now()) on conflict (id) do nothing;
insert into people (id, english_name, gender, is_shepherd, membership_status, language, family_id, follow_up_frequency_days, created_at) values ('jennifer-mariner', 'Jennifer Mariner', NULL, false, 'member', 'english', NULL, 14, now()) on conflict (id) do nothing;
insert into people (id, english_name, chinese_name, gender, is_shepherd, membership_status, language, family_id, follow_up_frequency_days, created_at) values ('qing-liu', 'Paul Liu', 'Qing', 'male', true, 'member', 'english', 'liu-family', 14, now()) on conflict (id) do nothing;
insert into people (id, english_name, gender, is_shepherd, membership_status, language, family_id, follow_up_frequency_days, created_at) values ('mark-miller', 'Mark Miller', NULL, false, 'member', 'english', NULL, 14, now()) on conflict (id) do nothing;
insert into people (id, english_name, gender, is_shepherd, membership_status, language, family_id, follow_up_frequency_days, created_at) values ('steven-ni', 'Steven Ni', NULL, false, 'member', 'english', NULL, 14, now()) on conflict (id) do nothing;
insert into people (id, english_name, gender, is_shepherd, membership_status, language, family_id, follow_up_frequency_days, created_at) values ('chris-nixon', 'Chris Nixon', NULL, false, 'member', 'english', NULL, 14, now()) on conflict (id) do nothing;
insert into people (id, english_name, gender, is_shepherd, membership_status, language, family_id, follow_up_frequency_days, created_at) values ('karen-nixon', 'Karen Nixon', NULL, false, 'member', 'english', NULL, 14, now()) on conflict (id) do nothing;
insert into people (id, english_name, gender, is_shepherd, membership_status, language, family_id, follow_up_frequency_days, created_at) values ('brandon-roos', 'Brandon Roos', NULL, false, 'archive', 'english', NULL, 14, now()) on conflict (id) do nothing;
insert into people (id, english_name, gender, is_shepherd, membership_status, language, family_id, follow_up_frequency_days, created_at) values ('marni-thompson', 'Marni Thompson', NULL, false, 'member', 'english', NULL, 14, now()) on conflict (id) do nothing;
insert into people (id, english_name, gender, is_shepherd, membership_status, language, family_id, follow_up_frequency_days, created_at) values ('vicki-miller', 'Vicki Miller', NULL, false, 'member', 'english', NULL, 14, now()) on conflict (id) do nothing;
insert into people (id, english_name, gender, is_shepherd, membership_status, language, family_id, follow_up_frequency_days, created_at) values ('franklin-wang', 'Franklin Wang', 'male', false, 'member', 'english', NULL, 14, now()) on conflict (id) do nothing;
insert into people (id, english_name, gender, is_shepherd, membership_status, language, family_id, follow_up_frequency_days, created_at) values ('iona-nixon', 'Iona Nixon', NULL, false, 'member', 'english', NULL, 14, now()) on conflict (id) do nothing;
insert into people (id, english_name, gender, is_shepherd, membership_status, language, family_id, follow_up_frequency_days, created_at) values ('miranda-sparklin', 'Miranda Sparklin', NULL, false, 'member', 'english', 'sparklin-family', 14, now()) on conflict (id) do nothing;
insert into people (id, english_name, chinese_name, gender, is_shepherd, membership_status, language, family_id, follow_up_frequency_days, created_at) values ('jessica-wang', 'Jessica Wang', 'Huijin', 'female', true, 'member', 'english', NULL, 14, now()) on conflict (id) do nothing;
insert into people (id, english_name, gender, is_shepherd, membership_status, language, family_id, follow_up_frequency_days, created_at) values ('ryan-sparklin', 'Ryan Sparklin', NULL, false, 'member', 'english', 'sparklin-family', 14, now()) on conflict (id) do nothing;
insert into people (id, english_name, gender, is_shepherd, membership_status, language, family_id, follow_up_frequency_days, created_at) values ('shawn-thompson', 'Shawn Thompson', NULL, false, 'member', 'english', NULL, 14, now()) on conflict (id) do nothing;
insert into people (id, english_name, gender, is_shepherd, membership_status, language, family_id, follow_up_frequency_days, created_at) values ('jay-song', 'Jay Song', NULL, true, 'member', 'english', NULL, 14, now()) on conflict (id) do nothing;
insert into people (id, english_name, gender, is_shepherd, membership_status, language, family_id, follow_up_frequency_days, created_at) values ('john-thompson', 'John Thompson', 'male', true, 'member', 'english', NULL, 14, now()) on conflict (id) do nothing;
insert into people (id, english_name, gender, is_shepherd, membership_status, language, family_id, follow_up_frequency_days, created_at) values ('sandra-west', 'Sandra West', NULL, false, 'member', 'english', NULL, 14, now()) on conflict (id) do nothing;
insert into people (id, english_name, gender, is_shepherd, membership_status, language, family_id, follow_up_frequency_days, created_at) values ('amber-wang', 'Amber Wang', NULL, false, 'archive', 'english', NULL, 14, now()) on conflict (id) do nothing;
insert into people (id, english_name, gender, is_shepherd, membership_status, language, family_id, follow_up_frequency_days, created_at) values ('zhenying-wang', 'Zhenying Wang', NULL, false, 'member', 'english', NULL, 14, now()) on conflict (id) do nothing;
insert into people (id, english_name, gender, is_shepherd, membership_status, language, family_id, follow_up_frequency_days, created_at) values ('juiying-yu', 'Juiying Yu', NULL, false, 'member', 'english', NULL, 14, now()) on conflict (id) do nothing;
insert into people (id, english_name, gender, is_shepherd, membership_status, language, family_id, follow_up_frequency_days, created_at) values ('ella-zajonc', 'Ella Zajonc', NULL, false, 'member', 'english', NULL, 14, now()) on conflict (id) do nothing;
insert into people (id, english_name, chinese_name, gender, is_shepherd, membership_status, language, family_id, follow_up_frequency_days, created_at) values ('yingwen-wang', 'Wendy Wang', 'Yingwen', NULL, false, 'member', 'english', NULL, 14, now()) on conflict (id) do nothing;
insert into people (id, english_name, gender, is_shepherd, membership_status, language, family_id, follow_up_frequency_days, created_at) values ('yu-zhou', 'Yu Zhou', NULL, false, 'archive', 'english', NULL, 14, now()) on conflict (id) do nothing;
insert into people (id, english_name, gender, is_shepherd, membership_status, language, family_id, follow_up_frequency_days, created_at) values ('xinyi-zhang', 'Xinyi Zhang', NULL, false, 'member', 'english', NULL, 14, now()) on conflict (id) do nothing;
insert into people (id, english_name, gender, is_shepherd, membership_status, language, family_id, follow_up_frequency_days, created_at) values ('may-zhan', 'May Zhan', NULL, false, 'member', 'english', NULL, 14, now()) on conflict (id) do nothing;
insert into people (id, english_name, chinese_name, gender, is_shepherd, membership_status, language, family_id, follow_up_frequency_days, created_at) values ('kuo-zhang', 'Jonathan Zhang', 'Kuo', NULL, false, 'member', 'english', NULL, 14, now()) on conflict (id) do nothing;
insert into people (id, english_name, gender, is_shepherd, membership_status, language, family_id, follow_up_frequency_days, created_at) values ('aihua-yi', 'Aihua Yi', NULL, false, 'member', 'english', NULL, 14, now()) on conflict (id) do nothing;
insert into people (id, english_name, gender, is_shepherd, membership_status, language, family_id, follow_up_frequency_days, created_at) values ('lianjie-xue', 'Lianjie Xue', NULL, false, 'archive', 'english', NULL, 14, now()) on conflict (id) do nothing;
insert into people (id, english_name, gender, is_shepherd, membership_status, language, family_id, follow_up_frequency_days, created_at) values ('jiade-zhang', 'Jiade Zhang', 'male', false, 'member', 'english', 'zhang-household', 14, now()) on conflict (id) do nothing;
insert into people (id, english_name, gender, is_shepherd, membership_status, language, family_id, follow_up_frequency_days, created_at) values ('weilong-zhuo', 'Weilong Zhuo', 'male', false, 'member', 'english', NULL, 14, now()) on conflict (id) do nothing;
insert into people (id, english_name, gender, is_shepherd, membership_status, language, family_id, follow_up_frequency_days, created_at) values ('peter-zhuang', 'Peter Zhuang', NULL, false, 'member', 'english', NULL, 14, now()) on conflict (id) do nothing;
insert into people (id, english_name, gender, is_shepherd, membership_status, language, family_id, follow_up_frequency_days, created_at) values ('adoniah', 'Adoniah', NULL, false, 'sunday-attendee', 'english', NULL, 14, now()) on conflict (id) do nothing;
insert into people (id, english_name, gender, is_shepherd, membership_status, language, family_id, follow_up_frequency_days, created_at) values ('bekah', 'Bekah', NULL, false, 'sunday-attendee', 'english', NULL, 14, now()) on conflict (id) do nothing;
insert into people (id, english_name, gender, is_shepherd, membership_status, language, family_id, follow_up_frequency_days, created_at) values ('evie-jang', 'Evie Jang', NULL, false, 'sunday-attendee', 'english', NULL, 14, now()) on conflict (id) do nothing;
insert into people (id, english_name, gender, is_shepherd, membership_status, language, family_id, follow_up_frequency_days, created_at) values ('christine', 'Christine', NULL, false, 'sunday-attendee', 'english', NULL, 14, now()) on conflict (id) do nothing;
insert into people (id, english_name, gender, is_shepherd, membership_status, language, family_id, follow_up_frequency_days, created_at) values ('hyeonyin', 'Hyeonyin', NULL, false, 'sunday-attendee', 'english', NULL, 14, now()) on conflict (id) do nothing;
insert into people (id, english_name, gender, is_shepherd, membership_status, language, family_id, follow_up_frequency_days, created_at) values ('david', 'David', NULL, false, 'sunday-attendee', 'english', NULL, 14, now()) on conflict (id) do nothing;
insert into people (id, english_name, gender, is_shepherd, membership_status, language, family_id, follow_up_frequency_days, created_at) values ('grant', 'Grant', NULL, false, 'sunday-attendee', 'english', NULL, 14, now()) on conflict (id) do nothing;
insert into people (id, english_name, gender, is_shepherd, membership_status, language, family_id, follow_up_frequency_days, created_at) values ('jack-donohue', 'Jack Donohue', NULL, false, 'sunday-attendee', 'english', NULL, 14, now()) on conflict (id) do nothing;
insert into people (id, english_name, gender, is_shepherd, membership_status, language, family_id, follow_up_frequency_days, created_at) values ('emily', 'Emily', NULL, false, 'sunday-attendee', 'english', NULL, 14, now()) on conflict (id) do nothing;
insert into people (id, english_name, gender, is_shepherd, membership_status, language, family_id, follow_up_frequency_days, created_at) values ('esther', 'Esther', NULL, false, 'sunday-attendee', 'english', NULL, 14, now()) on conflict (id) do nothing;
insert into people (id, english_name, gender, is_shepherd, membership_status, language, family_id, follow_up_frequency_days, created_at) values ('elisa-garcia', 'Elisa Garcia', NULL, false, 'sunday-attendee', 'english', NULL, 14, now()) on conflict (id) do nothing;
insert into people (id, english_name, gender, is_shepherd, membership_status, language, family_id, follow_up_frequency_days, created_at) values ('cameron', 'Cameron', NULL, false, 'sunday-attendee', 'english', NULL, 14, now()) on conflict (id) do nothing;
insert into people (id, english_name, gender, is_shepherd, membership_status, language, family_id, follow_up_frequency_days, created_at) values ('izzy-dreisilker', 'Izzy Dreisilker', NULL, false, 'sunday-attendee', 'english', NULL, 14, now()) on conflict (id) do nothing;
insert into people (id, english_name, gender, is_shepherd, membership_status, language, family_id, follow_up_frequency_days, created_at) values ('conghoon-choi', 'Conghoon Choi', NULL, false, 'sunday-attendee', 'english', NULL, 14, now()) on conflict (id) do nothing;
insert into people (id, english_name, gender, is_shepherd, membership_status, language, family_id, follow_up_frequency_days, created_at) values ('andrew-g', 'Andrew G', NULL, false, 'sunday-attendee', 'english', NULL, 14, now()) on conflict (id) do nothing;
insert into people (id, english_name, gender, is_shepherd, membership_status, language, family_id, follow_up_frequency_days, created_at) values ('emily-hadden', 'Emily Hadden', NULL, false, 'sunday-attendee', 'english', NULL, 14, now()) on conflict (id) do nothing;
insert into people (id, english_name, gender, is_shepherd, membership_status, language, family_id, follow_up_frequency_days, created_at) values ('ariana', 'Ariana', NULL, false, 'sunday-attendee', 'english', NULL, 14, now()) on conflict (id) do nothing;
insert into people (id, english_name, gender, is_shepherd, membership_status, language, family_id, follow_up_frequency_days, created_at) values ('harrel', 'Harrel', NULL, false, 'sunday-attendee', 'english', NULL, 14, now()) on conflict (id) do nothing;
insert into people (id, english_name, gender, is_shepherd, membership_status, language, family_id, follow_up_frequency_days, created_at) values ('jadon', 'Jadon', NULL, false, 'sunday-attendee', 'english', NULL, 14, now()) on conflict (id) do nothing;
insert into people (id, english_name, chinese_name, gender, is_shepherd, membership_status, language, family_id, follow_up_frequency_days, created_at) values ('yu-ren-liu', 'Josh Liu', 'Yu Ren', NULL, false, 'fellowship-attendee', 'english', NULL, 14, now()) on conflict (id) do nothing;
insert into people (id, english_name, gender, is_shepherd, membership_status, language, family_id, follow_up_frequency_days, created_at) values ('jonathan', 'Jonathan', NULL, false, 'sunday-attendee', 'english', NULL, 14, now()) on conflict (id) do nothing;
insert into people (id, english_name, gender, is_shepherd, membership_status, language, family_id, follow_up_frequency_days, created_at) values ('melissa', 'Melissa', NULL, false, 'sunday-attendee', 'english', NULL, 14, now()) on conflict (id) do nothing;
insert into people (id, english_name, gender, is_shepherd, membership_status, language, family_id, follow_up_frequency_days, created_at) values ('joslyn', 'Joslyn', NULL, false, 'sunday-attendee', 'english', NULL, 14, now()) on conflict (id) do nothing;
insert into people (id, english_name, gender, is_shepherd, membership_status, language, family_id, follow_up_frequency_days, created_at) values ('lujia-yin', 'Lujia Yin', NULL, false, 'fellowship-attendee', 'english', NULL, 14, now()) on conflict (id) do nothing;
insert into people (id, english_name, gender, is_shepherd, membership_status, language, family_id, follow_up_frequency_days, created_at) values ('leah-morgan', 'Leah Morgan', NULL, false, 'sunday-attendee', 'english', NULL, 14, now()) on conflict (id) do nothing;
insert into people (id, english_name, gender, is_shepherd, membership_status, language, family_id, follow_up_frequency_days, created_at) values ('kellyn-hale', 'Kellyn Hale', NULL, false, 'sunday-attendee', 'english', NULL, 14, now()) on conflict (id) do nothing;
insert into people (id, english_name, gender, is_shepherd, membership_status, language, family_id, follow_up_frequency_days, created_at) values ('kristiana-underwood', 'Kristiana Underwood', NULL, false, 'sunday-attendee', 'english', NULL, 14, now()) on conflict (id) do nothing;
insert into people (id, english_name, gender, is_shepherd, membership_status, language, family_id, follow_up_frequency_days, created_at) values ('natalia', 'Natalia', NULL, false, 'sunday-attendee', 'english', NULL, 14, now()) on conflict (id) do nothing;
insert into people (id, english_name, gender, is_shepherd, membership_status, language, family_id, follow_up_frequency_days, created_at) values ('nicholas', 'Nicholas', NULL, false, 'sunday-attendee', 'english', NULL, 14, now()) on conflict (id) do nothing;
insert into people (id, english_name, gender, is_shepherd, membership_status, language, family_id, follow_up_frequency_days, created_at) values ('luca-walton', 'Luca Walton', NULL, false, 'sunday-attendee', 'english', NULL, 14, now()) on conflict (id) do nothing;
insert into people (id, english_name, gender, is_shepherd, membership_status, language, family_id, follow_up_frequency_days, created_at) values ('keeley-sheppard', 'Keeley Sheppard', NULL, false, 'sunday-attendee', 'english', NULL, 14, now()) on conflict (id) do nothing;
insert into people (id, english_name, gender, is_shepherd, membership_status, language, family_id, follow_up_frequency_days, created_at) values ('marcos', 'Marcos', NULL, false, 'sunday-attendee', 'english', NULL, 14, now()) on conflict (id) do nothing;
insert into people (id, english_name, gender, is_shepherd, membership_status, language, family_id, follow_up_frequency_days, created_at) values ('zach-mcclanrance', 'Zach Mcclanrance', NULL, false, 'sunday-attendee', 'english', NULL, 14, now()) on conflict (id) do nothing;
insert into people (id, english_name, gender, is_shepherd, membership_status, language, family_id, follow_up_frequency_days, created_at) values ('sara-ellington', 'Sara Ellington', NULL, false, 'sunday-attendee', 'english', NULL, 14, now()) on conflict (id) do nothing;
insert into people (id, english_name, gender, is_shepherd, membership_status, language, family_id, follow_up_frequency_days, created_at) values ('soohyeon-cho', 'Soohyeon Cho', NULL, false, 'sunday-attendee', 'english', NULL, 14, now()) on conflict (id) do nothing;
insert into people (id, english_name, gender, is_shepherd, membership_status, language, family_id, follow_up_frequency_days, created_at) values ('umairli', 'Umairli', NULL, false, 'sunday-attendee', 'english', NULL, 14, now()) on conflict (id) do nothing;
insert into people (id, english_name, gender, is_shepherd, membership_status, language, family_id, follow_up_frequency_days, created_at) values ('timeea', 'Timeea', NULL, false, 'sunday-attendee', 'english', NULL, 14, now()) on conflict (id) do nothing;
insert into people (id, english_name, gender, is_shepherd, membership_status, language, family_id, follow_up_frequency_days, created_at) values ('sergio', 'Sergio', NULL, false, 'sunday-attendee', 'english', NULL, 14, now()) on conflict (id) do nothing;
insert into people (id, english_name, gender, is_shepherd, membership_status, language, family_id, follow_up_frequency_days, created_at) values ('sara-xavier', 'Sara Xavier', NULL, false, 'sunday-attendee', 'english', NULL, 14, now()) on conflict (id) do nothing;
insert into people (id, english_name, gender, is_shepherd, membership_status, language, family_id, follow_up_frequency_days, created_at) values ('seobeen', 'Seobeen', NULL, false, 'sunday-attendee', 'english', NULL, 14, now()) on conflict (id) do nothing;
insert into people (id, english_name, gender, is_shepherd, membership_status, language, family_id, follow_up_frequency_days, created_at) values ('daiwei-huang', 'Daiwei Huang', NULL, false, 'member', 'english', NULL, 14, now()) on conflict (id) do nothing;
insert into people (id, english_name, gender, is_shepherd, membership_status, language, family_id, follow_up_frequency_days, created_at) values ('anne-park-braswell', 'Anne Park-Braswell', 'female', false, 'member', 'english', 'braswell-family', 14, now()) on conflict (id) do nothing;
insert into people (id, english_name, gender, is_shepherd, membership_status, language, family_id, follow_up_frequency_days, created_at) values ('grace-phillips', 'Grace Phillips', NULL, false, 'archive', 'english', NULL, 14, now()) on conflict (id) do nothing;
insert into people (id, english_name, gender, is_shepherd, membership_status, language, family_id, follow_up_frequency_days, created_at) values ('elisabeth-grace-goode', 'Elisabeth Grace Goode', NULL, false, 'sunday-attendee', 'english', NULL, 14, now()) on conflict (id) do nothing;
insert into people (id, english_name, gender, is_shepherd, membership_status, language, family_id, follow_up_frequency_days, created_at) values ('heidi-allen', 'Heidi Allen', 'female', false, 'fellowship-attendee', 'english', NULL, 14, now()) on conflict (id) do nothing;
insert into people (id, english_name, gender, is_shepherd, membership_status, language, family_id, follow_up_frequency_days, created_at) values ('jubilee-harris', 'Jubilee Harris', NULL, false, 'fellowship-attendee', 'english', NULL, 14, now()) on conflict (id) do nothing;
insert into people (id, english_name, gender, is_shepherd, membership_status, language, family_id, follow_up_frequency_days, created_at) values ('david-green', 'David Green', 'male', false, 'member', 'english', NULL, 14, now()) on conflict (id) do nothing;
insert into people (id, english_name, gender, is_shepherd, membership_status, language, family_id, follow_up_frequency_days, created_at) values ('mattaniah-wilson', 'Mattaniah Wilson', NULL, false, 'membership-class', 'english', NULL, 14, now()) on conflict (id) do nothing;
insert into people (id, english_name, gender, is_shepherd, membership_status, language, family_id, follow_up_frequency_days, created_at) values ('chase-cartwright', 'Chase Cartwright', NULL, false, 'membership-class', 'english', NULL, 14, now()) on conflict (id) do nothing;
insert into people (id, english_name, gender, is_shepherd, membership_status, language, family_id, follow_up_frequency_days, created_at) values ('kaiya-west', 'Kaiya West', NULL, false, 'member', 'english', NULL, 14, now()) on conflict (id) do nothing;
insert into people (id, english_name, gender, is_shepherd, membership_status, language, family_id, follow_up_frequency_days, created_at) values ('person-row-128', '家昊 崔', NULL, false, 'fellowship-attendee', 'english', NULL, 14, now()) on conflict (id) do nothing;
insert into people (id, english_name, gender, is_shepherd, membership_status, language, family_id, follow_up_frequency_days, created_at) values ('deborah-liu', 'Deborah Liu', 'female', false, 'member', 'english', NULL, 14, now()) on conflict (id) do nothing;
insert into people (id, english_name, gender, is_shepherd, membership_status, language, family_id, follow_up_frequency_days, created_at) values ('jessica-fang', 'Jessica Fang', NULL, false, 'fellowship-attendee', 'english', NULL, 14, now()) on conflict (id) do nothing;
insert into people (id, english_name, gender, is_shepherd, membership_status, language, family_id, follow_up_frequency_days, created_at) values ('alaina-sefiane', 'Alaina Sefiane', NULL, false, 'sunday-attendee', 'english', NULL, 14, now()) on conflict (id) do nothing;
insert into people (id, english_name, gender, is_shepherd, membership_status, language, family_id, follow_up_frequency_days, created_at) values ('zach-sun', 'Zach Sun', NULL, false, 'sunday-attendee', 'english', NULL, 14, now()) on conflict (id) do nothing;
insert into people (id, english_name, gender, is_shepherd, membership_status, language, family_id, follow_up_frequency_days, created_at) values ('jackson-zakariasen', 'Jackson Zakariasen', NULL, false, 'archive', 'english', NULL, 14, now()) on conflict (id) do nothing;
insert into people (id, english_name, gender, is_shepherd, membership_status, language, family_id, follow_up_frequency_days, created_at) values ('kevin-tang', 'Kevin Tang', 'male', true, 'member', 'english', NULL, 14, now()) on conflict (id) do nothing;
insert into people (id, english_name, gender, is_shepherd, membership_status, language, family_id, follow_up_frequency_days, created_at) values ('lu-chang', 'Lu Chang', NULL, false, 'archive', 'english', NULL, 14, now()) on conflict (id) do nothing;
insert into people (id, english_name, gender, is_shepherd, membership_status, language, family_id, follow_up_frequency_days, created_at) values ('debbie-liu', 'Debbie Liu', NULL, false, 'member', 'english', 'liu-family', 14, now()) on conflict (id) do nothing;
insert into people (id, english_name, gender, is_shepherd, membership_status, language, family_id, follow_up_frequency_days, created_at) values ('gary-yao', 'Gary Yao', NULL, false, 'member', 'english', NULL, 14, now()) on conflict (id) do nothing;
insert into people (id, english_name, gender, is_shepherd, membership_status, language, family_id, follow_up_frequency_days, created_at) values ('blake-levin', 'Blake Levin', NULL, false, 'member', 'english', NULL, 14, now()) on conflict (id) do nothing;
insert into people (id, english_name, gender, is_shepherd, membership_status, language, family_id, follow_up_frequency_days, created_at) values ('eric-chen', 'Eric Chen', NULL, false, 'sunday-attendee', 'english', NULL, 14, now()) on conflict (id) do nothing;
insert into people (id, english_name, gender, is_shepherd, membership_status, language, family_id, follow_up_frequency_days, created_at) values ('bekkah-shi', 'Bekkah Shi', NULL, false, 'archive', 'english', NULL, 14, now()) on conflict (id) do nothing;
insert into people (id, english_name, gender, is_shepherd, membership_status, language, family_id, follow_up_frequency_days, created_at) values ('leanne-hanson', 'Leanne Hanson', 'female', false, 'member', 'english', NULL, 14, now()) on conflict (id) do nothing;
insert into people (id, english_name, gender, is_shepherd, membership_status, language, family_id, follow_up_frequency_days, created_at) values ('shane-wang', 'Shane Wang', NULL, false, 'archive', 'english', NULL, 14, now()) on conflict (id) do nothing;
insert into people (id, english_name, gender, is_shepherd, membership_status, language, family_id, follow_up_frequency_days, created_at) values ('boaz-mao', 'Boaz Mao', NULL, false, 'sunday-attendee', 'english', NULL, 14, now()) on conflict (id) do nothing;
insert into people (id, english_name, gender, is_shepherd, membership_status, language, family_id, follow_up_frequency_days, created_at) values ('cavanaugh-oleary', 'Cavanaugh Oleary', NULL, false, 'sunday-attendee', 'english', NULL, 14, now()) on conflict (id) do nothing;
insert into people (id, english_name, gender, is_shepherd, membership_status, language, family_id, follow_up_frequency_days, created_at) values ('natalie-cummings', 'Natalie Cummings', NULL, false, 'membership-class', 'english', NULL, 14, now()) on conflict (id) do nothing;
insert into people (id, english_name, gender, is_shepherd, membership_status, language, family_id, follow_up_frequency_days, created_at) values ('gabriel-daily', 'Gabriel Daily', NULL, false, 'member', 'english', NULL, 14, now()) on conflict (id) do nothing;
insert into people (id, english_name, gender, is_shepherd, membership_status, language, family_id, follow_up_frequency_days, created_at) values ('julia-zhu', 'Julia Zhu', 'female', false, 'member', 'english', NULL, 14, now()) on conflict (id) do nothing;
insert into people (id, english_name, gender, is_shepherd, membership_status, language, family_id, follow_up_frequency_days, created_at) values ('charley-xia', 'Charley Xia', 'male', true, 'member', 'english', 'xia-family', 14, now()) on conflict (id) do nothing;
insert into people (id, english_name, gender, is_shepherd, membership_status, language, family_id, follow_up_frequency_days, created_at) values ('moana-xia', 'Moana Xia', 'female', true, 'member', 'english', 'xia-family', 14, now()) on conflict (id) do nothing;
insert into people (id, english_name, gender, is_shepherd, membership_status, language, family_id, follow_up_frequency_days, created_at) values ('joseph-kuwashima', 'Joseph Kuwashima', NULL, false, 'sunday-attendee', 'english', NULL, 14, now()) on conflict (id) do nothing;
insert into people (id, english_name, gender, is_shepherd, membership_status, language, family_id, follow_up_frequency_days, created_at) values ('aquiline-pasipodya', 'Aquiline Pasipodya', NULL, false, 'sunday-attendee', 'english', NULL, 14, now()) on conflict (id) do nothing;
insert into people (id, english_name, gender, is_shepherd, membership_status, language, family_id, follow_up_frequency_days, created_at) values ('anajah-culmer', 'Anajah Culmer', NULL, false, 'sunday-attendee', 'english', NULL, 14, now()) on conflict (id) do nothing;
insert into people (id, english_name, gender, is_shepherd, membership_status, language, family_id, follow_up_frequency_days, created_at) values ('willow-martin', 'Willow Martin', NULL, false, 'sunday-attendee', 'english', NULL, 14, now()) on conflict (id) do nothing;
insert into people (id, english_name, gender, is_shepherd, membership_status, language, family_id, follow_up_frequency_days, created_at) values ('nirbisha-mishra', 'Nirbisha Mishra', NULL, false, 'sunday-attendee', 'english', NULL, 14, now()) on conflict (id) do nothing;
insert into people (id, english_name, gender, is_shepherd, membership_status, language, family_id, follow_up_frequency_days, created_at) values ('rafi-islam', 'Rafi Islam', NULL, false, 'sunday-attendee', 'english', NULL, 14, now()) on conflict (id) do nothing;
insert into people (id, english_name, gender, is_shepherd, membership_status, language, family_id, follow_up_frequency_days, created_at) values ('emily-odell', 'Emily O''Dell', NULL, false, 'sunday-attendee', 'english', NULL, 14, now()) on conflict (id) do nothing;
insert into people (id, english_name, gender, is_shepherd, membership_status, language, family_id, follow_up_frequency_days, created_at) values ('ilyc-loten', 'Ilyc Loten', NULL, false, 'sunday-attendee', 'english', NULL, 14, now()) on conflict (id) do nothing;
insert into people (id, english_name, gender, is_shepherd, membership_status, language, family_id, follow_up_frequency_days, created_at) values ('noah-kefjin-asfaw', 'Noah Kefjin Asfaw', NULL, false, 'sunday-attendee', 'english', NULL, 14, now()) on conflict (id) do nothing;
insert into people (id, english_name, gender, is_shepherd, membership_status, language, family_id, follow_up_frequency_days, created_at) values ('basira-h', 'Basira H', NULL, false, 'sunday-attendee', 'english', NULL, 14, now()) on conflict (id) do nothing;
insert into people (id, english_name, gender, is_shepherd, membership_status, language, family_id, follow_up_frequency_days, created_at) values ('shefalica-thapa', 'Shefalica Thapa', NULL, false, 'sunday-attendee', 'english', NULL, 14, now()) on conflict (id) do nothing;
insert into people (id, english_name, gender, is_shepherd, membership_status, language, family_id, follow_up_frequency_days, created_at) values ('alison-tuck', 'Alison Tuck', NULL, false, 'sunday-attendee', 'english', NULL, 14, now()) on conflict (id) do nothing;
insert into people (id, english_name, gender, is_shepherd, membership_status, language, family_id, follow_up_frequency_days, created_at) values ('yordanos-mekonnen', 'Yordanos Mekonnen', NULL, false, 'sunday-attendee', 'english', NULL, 14, now()) on conflict (id) do nothing;
insert into people (id, english_name, gender, is_shepherd, membership_status, language, family_id, follow_up_frequency_days, created_at) values ('anna-josephine', 'Anna Josephine', NULL, false, 'sunday-attendee', 'english', NULL, 14, now()) on conflict (id) do nothing;
insert into people (id, english_name, gender, is_shepherd, membership_status, language, family_id, follow_up_frequency_days, created_at) values ('sydney-blackburn', 'Sydney Blackburn', NULL, false, 'sunday-attendee', 'english', NULL, 14, now()) on conflict (id) do nothing;
insert into people (id, english_name, gender, is_shepherd, membership_status, language, family_id, follow_up_frequency_days, created_at) values ('jess-aleigha', 'Jess Aleigha', NULL, false, 'sunday-attendee', 'english', NULL, 14, now()) on conflict (id) do nothing;
insert into people (id, english_name, gender, is_shepherd, membership_status, language, family_id, follow_up_frequency_days, created_at) values ('seoyeon-kim', 'Seoyeon Kim', NULL, false, 'sunday-attendee', 'english', NULL, 14, now()) on conflict (id) do nothing;
insert into people (id, english_name, gender, is_shepherd, membership_status, language, family_id, follow_up_frequency_days, created_at) values ('jhadiel-camacho', 'Jhadiel Camacho', NULL, false, 'sunday-attendee', 'english', NULL, 14, now()) on conflict (id) do nothing;
insert into people (id, english_name, gender, is_shepherd, membership_status, language, family_id, follow_up_frequency_days, created_at) values ('steel-de-groft', 'Steel De Groft', NULL, false, 'sunday-attendee', 'english', NULL, 14, now()) on conflict (id) do nothing;
insert into people (id, english_name, gender, is_shepherd, membership_status, language, family_id, follow_up_frequency_days, created_at) values ('molly-hoover', 'Molly Hoover', NULL, false, 'sunday-attendee', 'english', NULL, 14, now()) on conflict (id) do nothing;
insert into people (id, english_name, gender, is_shepherd, membership_status, language, family_id, follow_up_frequency_days, created_at) values ('arlene-odonnell', 'Arlene ODonnell', NULL, false, 'sunday-attendee', 'english', NULL, 14, now()) on conflict (id) do nothing;
insert into people (id, english_name, gender, is_shepherd, membership_status, language, family_id, follow_up_frequency_days, created_at) values ('alyssa-siehien', 'Alyssa Siehien', NULL, false, 'sunday-attendee', 'english', NULL, 14, now()) on conflict (id) do nothing;
insert into people (id, english_name, gender, is_shepherd, membership_status, language, family_id, follow_up_frequency_days, created_at) values ('kendrick-rozelle', 'Kendrick Rozelle', NULL, false, 'sunday-attendee', 'english', NULL, 14, now()) on conflict (id) do nothing;
insert into people (id, english_name, gender, is_shepherd, membership_status, language, family_id, follow_up_frequency_days, created_at) values ('kathy-collins', 'Kathy Collins', NULL, false, 'sunday-attendee', 'english', NULL, 14, now()) on conflict (id) do nothing;
insert into people (id, english_name, gender, is_shepherd, membership_status, language, family_id, follow_up_frequency_days, created_at) values ('sergio-oneill', 'Sergio ONeill', NULL, false, 'sunday-attendee', 'english', NULL, 14, now()) on conflict (id) do nothing;
insert into people (id, english_name, gender, is_shepherd, membership_status, language, family_id, follow_up_frequency_days, created_at) values ('trinity-sailer', 'Trinity Sailer', NULL, false, 'sunday-attendee', 'english', NULL, 14, now()) on conflict (id) do nothing;
insert into people (id, english_name, gender, is_shepherd, membership_status, language, family_id, follow_up_frequency_days, created_at) values ('meghan-harlow', 'Meghan Harlow', NULL, false, 'sunday-attendee', 'english', NULL, 14, now()) on conflict (id) do nothing;
insert into people (id, english_name, gender, is_shepherd, membership_status, language, family_id, follow_up_frequency_days, created_at) values ('reghan-cutler', 'Reghan Cutler', NULL, false, 'sunday-attendee', 'english', NULL, 14, now()) on conflict (id) do nothing;
insert into people (id, english_name, gender, is_shepherd, membership_status, language, family_id, follow_up_frequency_days, created_at) values ('lucas-keesee', 'Lucas Keesee', NULL, false, 'sunday-attendee', 'english', NULL, 14, now()) on conflict (id) do nothing;
insert into people (id, english_name, gender, is_shepherd, membership_status, language, family_id, follow_up_frequency_days, created_at) values ('becky-liu', 'Becky Liu', NULL, false, 'member', 'english', 'liu-family', 14, now()) on conflict (id) do nothing;
insert into people (id, english_name, gender, is_shepherd, membership_status, language, family_id, follow_up_frequency_days, created_at) values ('samantha-klotzbach', 'Samantha Klotzbach', NULL, false, 'member', 'english', NULL, 14, now()) on conflict (id) do nothing;
insert into people (id, english_name, gender, is_shepherd, membership_status, language, family_id, follow_up_frequency_days, created_at) values ('howie-fang', 'Howie Fang', NULL, false, 'sunday-attendee', 'english', NULL, 14, now()) on conflict (id) do nothing;
insert into people (id, english_name, gender, is_shepherd, membership_status, language, family_id, follow_up_frequency_days, created_at) values ('joyce-huang', 'Joyce Huang', NULL, false, 'sunday-attendee', 'english', NULL, 14, now()) on conflict (id) do nothing;
insert into people (id, english_name, gender, is_shepherd, membership_status, language, family_id, follow_up_frequency_days, created_at) values ('shawn-ames', 'Shawn Ames', NULL, false, 'sunday-attendee', 'english', NULL, 14, now()) on conflict (id) do nothing;
insert into people (id, english_name, chinese_name, gender, is_shepherd, membership_status, language, family_id, follow_up_frequency_days, created_at) values ('zixuan-chen', 'Iris Chen', 'Zixuan', NULL, false, 'fellowship-attendee', 'english', NULL, 14, now()) on conflict (id) do nothing;
insert into people (id, english_name, gender, is_shepherd, membership_status, language, family_id, follow_up_frequency_days, created_at) values ('michelle-wang', 'Michelle Wang', NULL, false, 'fellowship-attendee', 'english', NULL, 14, now()) on conflict (id) do nothing;
insert into people (id, english_name, gender, is_shepherd, membership_status, language, family_id, follow_up_frequency_days, created_at) values ('cole-richards', 'Cole Richards', 'male', false, 'member', 'english', NULL, 14, now()) on conflict (id) do nothing;
insert into people (id, english_name, chinese_name, gender, is_shepherd, membership_status, language, family_id, follow_up_frequency_days, created_at) values ('daniel-braswell', 'Dan Braswell', 'Daniel', NULL, false, 'member', 'english', 'braswell-family', 14, now()) on conflict (id) do nothing;
insert into people (id, english_name, gender, is_shepherd, membership_status, language, family_id, follow_up_frequency_days, created_at) values ('joshua-smith', 'Joshua Smith', NULL, false, 'sunday-attendee', 'english', NULL, 14, now()) on conflict (id) do nothing;
insert into people (id, english_name, gender, is_shepherd, membership_status, language, family_id, follow_up_frequency_days, created_at) values ('sia-brady', 'Sia Brady', 'female', false, 'sunday-attendee', 'english', NULL, 14, now()) on conflict (id) do nothing;
insert into people (id, english_name, gender, is_shepherd, membership_status, language, family_id, follow_up_frequency_days, created_at) values ('xena-cosgrove', 'Xena Cosgrove', NULL, false, 'sunday-attendee', 'english', NULL, 14, now()) on conflict (id) do nothing;
insert into people (id, english_name, gender, is_shepherd, membership_status, language, family_id, follow_up_frequency_days, created_at) values ('angelina-chen', 'Angelina Chen', NULL, false, 'fellowship-attendee', 'english', NULL, 14, now()) on conflict (id) do nothing;
insert into people (id, english_name, gender, is_shepherd, membership_status, language, family_id, follow_up_frequency_days, created_at) values ('ce-liu', 'Ce Liu', 'male', false, 'fellowship-attendee', 'english', NULL, 14, now()) on conflict (id) do nothing;
insert into people (id, english_name, gender, is_shepherd, membership_status, language, family_id, follow_up_frequency_days, created_at) values ('milani-gladson', 'Milani Gladson', NULL, false, 'sunday-attendee', 'english', NULL, 14, now()) on conflict (id) do nothing;
insert into people (id, english_name, gender, is_shepherd, membership_status, language, family_id, follow_up_frequency_days, created_at) values ('meiqing-wang', 'Meiqing Wang', NULL, false, 'fellowship-attendee', 'english', NULL, 14, now()) on conflict (id) do nothing;
insert into people (id, english_name, gender, is_shepherd, membership_status, language, family_id, follow_up_frequency_days, created_at) values ('bill-cosgrove', 'Bill Cosgrove', 'male', false, 'sunday-attendee', 'english', NULL, 14, now()) on conflict (id) do nothing;
insert into people (id, english_name, gender, is_shepherd, membership_status, language, family_id, follow_up_frequency_days, created_at) values ('caitlin-brown', 'Caitlin Brown', 'female', false, 'sunday-attendee', 'english', NULL, 14, now()) on conflict (id) do nothing;
insert into people (id, english_name, gender, is_shepherd, membership_status, language, family_id, follow_up_frequency_days, created_at) values ('andrew-schages', 'Andrew Schages', 'male', false, 'sunday-attendee', 'english', NULL, 14, now()) on conflict (id) do nothing;
insert into people (id, english_name, gender, is_shepherd, membership_status, language, family_id, follow_up_frequency_days, created_at) values ('jaquan-claiborne', 'Jaquan Claiborne', NULL, false, 'sunday-attendee', 'english', NULL, 14, now()) on conflict (id) do nothing;
insert into people (id, english_name, gender, is_shepherd, membership_status, language, family_id, follow_up_frequency_days, created_at) values ('beck-johnson', 'Beck Johnson', 'female', false, 'sunday-attendee', 'english', NULL, 14, now()) on conflict (id) do nothing;
insert into people (id, english_name, gender, is_shepherd, membership_status, language, family_id, follow_up_frequency_days, created_at) values ('zizai-liu', 'Zizai Liu', NULL, false, 'fellowship-attendee', 'english', NULL, 14, now()) on conflict (id) do nothing;
insert into people (id, english_name, gender, is_shepherd, membership_status, language, family_id, follow_up_frequency_days, created_at) values ('peter-macranie', 'Peter MaCranie', NULL, false, 'fellowship-attendee', 'english', NULL, 14, now()) on conflict (id) do nothing;
insert into people (id, english_name, gender, is_shepherd, membership_status, language, family_id, follow_up_frequency_days, created_at) values ('sara-ellington-2', 'Sara Ellington', NULL, false, 'fellowship-attendee', 'english', NULL, 14, now()) on conflict (id) do nothing;
insert into people (id, english_name, gender, is_shepherd, membership_status, language, family_id, follow_up_frequency_days, created_at) values ('roshani-gladson', 'Roshani Gladson', NULL, false, 'fellowship-attendee', 'english', NULL, 14, now()) on conflict (id) do nothing;
insert into people (id, english_name, gender, is_shepherd, membership_status, language, family_id, follow_up_frequency_days, created_at) values ('dottie-robertson', 'Dottie Robertson', NULL, false, 'sunday-attendee', 'english', NULL, 14, now()) on conflict (id) do nothing;
insert into people (id, english_name, gender, is_shepherd, membership_status, language, family_id, follow_up_frequency_days, created_at) values ('hannah-vestal', 'Hannah Vestal', NULL, false, 'sunday-attendee', 'english', NULL, 14, now()) on conflict (id) do nothing;
insert into people (id, english_name, gender, is_shepherd, membership_status, language, family_id, follow_up_frequency_days, created_at) values ('benjamin-nguyen', 'Benjamin Nguyen', NULL, false, 'sunday-attendee', 'english', NULL, 14, now()) on conflict (id) do nothing;
insert into people (id, english_name, gender, is_shepherd, membership_status, language, family_id, follow_up_frequency_days, created_at) values ('jessie-vestal', 'Jessie Vestal', NULL, false, 'sunday-attendee', 'english', NULL, 14, now()) on conflict (id) do nothing;
insert into people (id, english_name, gender, is_shepherd, membership_status, language, family_id, follow_up_frequency_days, created_at) values ('jenna-bradfield', 'Jenna Bradfield', NULL, false, 'sunday-attendee', 'english', NULL, 14, now()) on conflict (id) do nothing;
insert into people (id, english_name, chinese_name, gender, is_shepherd, membership_status, language, family_id, follow_up_frequency_days, created_at) values ('alpha-zhong', 'Alpha Zhong', 'Yuan', NULL, false, 'fellowship-attendee', 'english', NULL, 14, now()) on conflict (id) do nothing;
insert into people (id, english_name, chinese_name, gender, is_shepherd, membership_status, language, family_id, follow_up_frequency_days, created_at) values ('annie-xing', 'Annie Xing', 'Xuan', NULL, false, 'fellowship-attendee', 'english', NULL, 14, now()) on conflict (id) do nothing;
insert into people (id, english_name, gender, is_shepherd, membership_status, language, family_id, follow_up_frequency_days, created_at) values ('luke-zhang', 'Luke Zhang', 'male', true, 'member', 'english', NULL, 14, now()) on conflict (id) do nothing;
insert into people (id, english_name, gender, is_shepherd, membership_status, language, family_id, follow_up_frequency_days, created_at) values ('lisa-levin', 'Lisa Levin', 'female', true, 'member', 'english', 'levin-household', 14, now()) on conflict (id) do nothing;

-- ── Family members ────────────────────────────────────
insert into family_members (family_id, person_id) values ('cheng-household', 'long-cheng') on conflict do nothing;
insert into family_members (family_id, person_id) values ('cheng-household', 'fangyu-ai') on conflict do nothing;
insert into family_members (family_id, person_id) values ('kao-household', 'david-kao') on conflict do nothing;
insert into family_members (family_id, person_id) values ('levin-household', 'tyler-levin') on conflict do nothing;
insert into family_members (family_id, person_id) values ('levin-household', 'lin-ho') on conflict do nothing;
insert into family_members (family_id, person_id) values ('levin-household', 'lisa-levin') on conflict do nothing;
insert into family_members (family_id, person_id) values ('zhang-household', 'jiade-zhang') on conflict do nothing;
insert into family_members (family_id, person_id) values ('tang-household', 'gillian-tang') on conflict do nothing;
insert into family_members (family_id, person_id) values ('eades-family', 'daini-eades') on conflict do nothing;
insert into family_members (family_id, person_id) values ('eades-family', 'jacob-eades') on conflict do nothing;
insert into family_members (family_id, person_id) values ('xia-family', 'charley-xia') on conflict do nothing;
insert into family_members (family_id, person_id) values ('xia-family', 'moana-xia') on conflict do nothing;
insert into family_members (family_id, person_id) values ('braswell-family', 'anne-park-braswell') on conflict do nothing;
insert into family_members (family_id, person_id) values ('braswell-family', 'daniel-braswell') on conflict do nothing;
insert into family_members (family_id, person_id) values ('sparklin-family', 'miranda-sparklin') on conflict do nothing;
insert into family_members (family_id, person_id) values ('sparklin-family', 'ryan-sparklin') on conflict do nothing;
insert into family_members (family_id, person_id) values ('liu-family', 'qing-liu') on conflict do nothing;
insert into family_members (family_id, person_id) values ('liu-family', 'rachel-liu') on conflict do nothing;
insert into family_members (family_id, person_id) values ('liu-family', 'debbie-liu') on conflict do nothing;
insert into family_members (family_id, person_id) values ('liu-family', 'becky-liu') on conflict do nothing;

-- ── Groups ──────────────────────────────────────────
insert into groups (id, name) values ('students', 'Students Fellowship') on conflict (id) do nothing;
insert into groups (id, name) values ('life-young-professional', 'Life / Young Professional') on conflict (id) do nothing;
insert into groups (id, name) values ('forest-young-family', 'Forest / Young Family') on conflict (id) do nothing;
insert into groups (id, name) values ('cornerstone-seniors', 'Cornerstone / Seniors') on conflict (id) do nothing;
insert into groups (id, name) values ('forty-plus-seniors', '40+ / Seniors') on conflict (id) do nothing;
insert into groups (id, name) values ('seekers', 'Seekers') on conflict (id) do nothing;
insert into groups (id, name) values ('men', 'Men') on conflict (id) do nothing;
insert into groups (id, name) values ('youth', 'Youth') on conflict (id) do nothing;

-- ── Group members ───────────────────────────────────
insert into group_members (group_id, person_id) values ('students', 'xiang-you') on conflict do nothing;
insert into group_members (group_id, person_id) values ('students', 'long-cheng') on conflict do nothing;
insert into group_members (group_id, person_id) values ('students', 'yu-shan-tsai') on conflict do nothing;
insert into group_members (group_id, person_id) values ('students', 'hanping-bao') on conflict do nothing;
insert into group_members (group_id, person_id) values ('students', 'yinong-fang') on conflict do nothing;
insert into group_members (group_id, person_id) values ('students', 'fangyu-ai') on conflict do nothing;
insert into group_members (group_id, person_id) values ('students', 'long-jing') on conflict do nothing;
insert into group_members (group_id, person_id) values ('students', 'mei-li') on conflict do nothing;
insert into group_members (group_id, person_id) values ('students', 'franklin-wang') on conflict do nothing;
insert into group_members (group_id, person_id) values ('students', 'jessica-wang') on conflict do nothing;
insert into group_members (group_id, person_id) values ('students', 'ella-zajonc') on conflict do nothing;
insert into group_members (group_id, person_id) values ('students', 'yingwen-wang') on conflict do nothing;
insert into group_members (group_id, person_id) values ('students', 'xinyi-zhang') on conflict do nothing;
insert into group_members (group_id, person_id) values ('students', 'kuo-zhang') on conflict do nothing;
insert into group_members (group_id, person_id) values ('students', 'jiade-zhang') on conflict do nothing;
insert into group_members (group_id, person_id) values ('students', 'peter-zhuang') on conflict do nothing;
insert into group_members (group_id, person_id) values ('students', 'grace-phillips') on conflict do nothing;
insert into group_members (group_id, person_id) values ('students', 'heidi-allen') on conflict do nothing;
insert into group_members (group_id, person_id) values ('students', 'jubilee-harris') on conflict do nothing;
insert into group_members (group_id, person_id) values ('students', 'david-green') on conflict do nothing;
insert into group_members (group_id, person_id) values ('students', 'mattaniah-wilson') on conflict do nothing;
insert into group_members (group_id, person_id) values ('students', 'person-row-128') on conflict do nothing;
insert into group_members (group_id, person_id) values ('students', 'deborah-liu') on conflict do nothing;
insert into group_members (group_id, person_id) values ('students', 'zach-sun') on conflict do nothing;
insert into group_members (group_id, person_id) values ('students', 'jackson-zakariasen') on conflict do nothing;
insert into group_members (group_id, person_id) values ('students', 'gary-yao') on conflict do nothing;
insert into group_members (group_id, person_id) values ('students', 'shane-wang') on conflict do nothing;
insert into group_members (group_id, person_id) values ('students', 'julia-zhu') on conflict do nothing;
insert into group_members (group_id, person_id) values ('students', 'joseph-kuwashima') on conflict do nothing;
insert into group_members (group_id, person_id) values ('forty-plus-seniors', 'harmon-blanding') on conflict do nothing;
insert into group_members (group_id, person_id) values ('forty-plus-seniors', 'janette-blanding') on conflict do nothing;
insert into group_members (group_id, person_id) values ('forty-plus-seniors', 'jack-kerns') on conflict do nothing;
insert into group_members (group_id, person_id) values ('forty-plus-seniors', 'brenda-kerns') on conflict do nothing;
insert into group_members (group_id, person_id) values ('forty-plus-seniors', 'jennifer-mariner') on conflict do nothing;
insert into group_members (group_id, person_id) values ('forty-plus-seniors', 'mark-miller') on conflict do nothing;
insert into group_members (group_id, person_id) values ('forty-plus-seniors', 'vicki-miller') on conflict do nothing;
insert into group_members (group_id, person_id) values ('forty-plus-seniors', 'iona-nixon') on conflict do nothing;
insert into group_members (group_id, person_id) values ('forty-plus-seniors', 'shawn-thompson') on conflict do nothing;
insert into group_members (group_id, person_id) values ('forty-plus-seniors', 'john-thompson') on conflict do nothing;
insert into group_members (group_id, person_id) values ('seekers', 'eva-brooks') on conflict do nothing;
insert into group_members (group_id, person_id) values ('seekers', 'diane-francis') on conflict do nothing;
insert into group_members (group_id, person_id) values ('seekers', 'faye-gallier') on conflict do nothing;
insert into group_members (group_id, person_id) values ('seekers', 'sandra-west') on conflict do nothing;
insert into group_members (group_id, person_id) values ('cornerstone-seniors', 'kwan-cheng') on conflict do nothing;
insert into group_members (group_id, person_id) values ('cornerstone-seniors', 'keimei-chang') on conflict do nothing;
insert into group_members (group_id, person_id) values ('cornerstone-seniors', 'gordon-goh') on conflict do nothing;
insert into group_members (group_id, person_id) values ('cornerstone-seniors', 'anna-goh') on conflict do nothing;
insert into group_members (group_id, person_id) values ('cornerstone-seniors', 'lui-kuong-lai') on conflict do nothing;
insert into group_members (group_id, person_id) values ('cornerstone-seniors', 'xiaosang-huang') on conflict do nothing;
insert into group_members (group_id, person_id) values ('cornerstone-seniors', 'jay-song') on conflict do nothing;
insert into group_members (group_id, person_id) values ('cornerstone-seniors', 'juiying-yu') on conflict do nothing;
insert into group_members (group_id, person_id) values ('cornerstone-seniors', 'may-zhan') on conflict do nothing;
insert into group_members (group_id, person_id) values ('forest-young-family', 'zachary-daily') on conflict do nothing;
insert into group_members (group_id, person_id) values ('forest-young-family', 'lizhi-daily') on conflict do nothing;
insert into group_members (group_id, person_id) values ('forest-young-family', 'huina-hu') on conflict do nothing;
insert into group_members (group_id, person_id) values ('forest-young-family', 'yixin-jin') on conflict do nothing;
insert into group_members (group_id, person_id) values ('forest-young-family', 'rachel-liu') on conflict do nothing;
insert into group_members (group_id, person_id) values ('forest-young-family', 'yingguang-liu') on conflict do nothing;
insert into group_members (group_id, person_id) values ('forest-young-family', 'qing-liu') on conflict do nothing;
insert into group_members (group_id, person_id) values ('forest-young-family', 'zhenying-wang') on conflict do nothing;
insert into group_members (group_id, person_id) values ('forest-young-family', 'yu-zhou') on conflict do nothing;
insert into group_members (group_id, person_id) values ('forest-young-family', 'aihua-yi') on conflict do nothing;
insert into group_members (group_id, person_id) values ('forest-young-family', 'lianjie-xue') on conflict do nothing;
insert into group_members (group_id, person_id) values ('forest-young-family', 'weilong-zhuo') on conflict do nothing;
insert into group_members (group_id, person_id) values ('life-young-professional', 'daini-eades') on conflict do nothing;
insert into group_members (group_id, person_id) values ('life-young-professional', 'asia-brady') on conflict do nothing;
insert into group_members (group_id, person_id) values ('life-young-professional', 'jacob-eades') on conflict do nothing;
insert into group_members (group_id, person_id) values ('life-young-professional', 'gillian-tang') on conflict do nothing;
insert into group_members (group_id, person_id) values ('life-young-professional', 'lin-ho') on conflict do nothing;
insert into group_members (group_id, person_id) values ('life-young-professional', 'jake-guerrero') on conflict do nothing;
insert into group_members (group_id, person_id) values ('life-young-professional', 'faith-lang') on conflict do nothing;
insert into group_members (group_id, person_id) values ('life-young-professional', 'tyler-levin') on conflict do nothing;
insert into group_members (group_id, person_id) values ('life-young-professional', 'steven-ni') on conflict do nothing;
insert into group_members (group_id, person_id) values ('life-young-professional', 'brandon-roos') on conflict do nothing;
insert into group_members (group_id, person_id) values ('life-young-professional', 'miranda-sparklin') on conflict do nothing;
insert into group_members (group_id, person_id) values ('life-young-professional', 'ryan-sparklin') on conflict do nothing;
insert into group_members (group_id, person_id) values ('life-young-professional', 'amber-wang') on conflict do nothing;
insert into group_members (group_id, person_id) values ('life-young-professional', 'kevin-tang') on conflict do nothing;
insert into group_members (group_id, person_id) values ('life-young-professional', 'charley-xia') on conflict do nothing;
insert into group_members (group_id, person_id) values ('life-young-professional', 'moana-xia') on conflict do nothing;
insert into group_members (group_id, person_id) values ('life-young-professional', 'samantha-klotzbach') on conflict do nothing;
insert into group_members (group_id, person_id) values ('men', 'james-forbes') on conflict do nothing;
insert into group_members (group_id, person_id) values ('youth', 'debbie-liu') on conflict do nothing;
insert into group_members (group_id, person_id) values ('youth', 'bekkah-shi') on conflict do nothing;
insert into group_members (group_id, person_id) values ('youth', 'gabriel-daily') on conflict do nothing;
insert into group_members (group_id, person_id) values ('youth', 'becky-liu') on conflict do nothing;

-- ── Personas ────────────────────────────────────────
insert into personas (id, name, role, person_id) values ('admin', 'Pastor Qing (Paul) Liu', 'admin', 'qing-liu') on conflict (id) do nothing;
insert into personas (id, name, role, person_id) values ('shepherd-1', 'Long Cheng', 'shepherd', 'long-cheng') on conflict (id) do nothing;
insert into personas (id, name, role, person_id) values ('shepherd-2', 'Asia Brady', 'shepherd', 'asia-brady') on conflict (id) do nothing;
insert into personas (id, name, role) values ('welcome-team', 'Welcome Team', 'welcome-team') on conflict (id) do nothing;

-- ── Persona → people assignments ────────────────────
insert into persona_people (persona_id, person_id) values ('admin', 'long-cheng') on conflict do nothing;
insert into persona_people (persona_id, person_id) values ('admin', 'zachary-daily') on conflict do nothing;
insert into persona_people (persona_id, person_id) values ('admin', 'lizhi-daily') on conflict do nothing;
insert into persona_people (persona_id, person_id) values ('admin', 'yinong-fang') on conflict do nothing;
insert into persona_people (persona_id, person_id) values ('admin', 'jacob-eades') on conflict do nothing;
insert into persona_people (persona_id, person_id) values ('admin', 'jake-guerrero') on conflict do nothing;
insert into persona_people (persona_id, person_id) values ('admin', 'tyler-levin') on conflict do nothing;
insert into persona_people (persona_id, person_id) values ('admin', 'rachel-liu') on conflict do nothing;
insert into persona_people (persona_id, person_id) values ('admin', 'yingguang-liu') on conflict do nothing;
insert into persona_people (persona_id, person_id) values ('admin', 'tom-mullett') on conflict do nothing;
insert into persona_people (persona_id, person_id) values ('admin', 'mark-miller') on conflict do nothing;
insert into persona_people (persona_id, person_id) values ('admin', 'steven-ni') on conflict do nothing;
insert into persona_people (persona_id, person_id) values ('admin', 'chris-nixon') on conflict do nothing;
insert into persona_people (persona_id, person_id) values ('admin', 'vicki-miller') on conflict do nothing;
insert into persona_people (persona_id, person_id) values ('admin', 'jay-song') on conflict do nothing;
insert into persona_people (persona_id, person_id) values ('admin', 'john-thompson') on conflict do nothing;
insert into persona_people (persona_id, person_id) values ('admin', 'zhenying-wang') on conflict do nothing;
insert into persona_people (persona_id, person_id) values ('admin', 'aihua-yi') on conflict do nothing;
insert into persona_people (persona_id, person_id) values ('admin', 'weilong-zhuo') on conflict do nothing;
insert into persona_people (persona_id, person_id) values ('admin', 'peter-zhuang') on conflict do nothing;
insert into persona_people (persona_id, person_id) values ('admin', 'lujia-yin') on conflict do nothing;
insert into persona_people (persona_id, person_id) values ('admin', 'zach-sun') on conflict do nothing;
insert into persona_people (persona_id, person_id) values ('admin', 'blake-levin') on conflict do nothing;
insert into persona_people (persona_id, person_id) values ('admin', 'eric-chen') on conflict do nothing;
insert into persona_people (persona_id, person_id) values ('admin', 'daniel-braswell') on conflict do nothing;
insert into persona_people (persona_id, person_id) values ('admin', 'bill-cosgrove') on conflict do nothing;
insert into persona_people (persona_id, person_id) values ('shepherd-1', 'xiang-you') on conflict do nothing;
insert into persona_people (persona_id, person_id) values ('shepherd-1', 'daini-eades') on conflict do nothing;
insert into persona_people (persona_id, person_id) values ('shepherd-1', 'fangyu-ai') on conflict do nothing;
insert into persona_people (persona_id, person_id) values ('shepherd-1', 'jacob-eades') on conflict do nothing;
insert into persona_people (persona_id, person_id) values ('shepherd-1', 'miranda-sparklin') on conflict do nothing;
insert into persona_people (persona_id, person_id) values ('shepherd-1', 'ryan-sparklin') on conflict do nothing;
insert into persona_people (persona_id, person_id) values ('shepherd-1', 'yu-ren-liu') on conflict do nothing;
insert into persona_people (persona_id, person_id) values ('shepherd-1', 'anne-park-braswell') on conflict do nothing;
insert into persona_people (persona_id, person_id) values ('shepherd-1', 'david-green') on conflict do nothing;
insert into persona_people (persona_id, person_id) values ('shepherd-1', 'mattaniah-wilson') on conflict do nothing;
insert into persona_people (persona_id, person_id) values ('shepherd-1', 'zach-sun') on conflict do nothing;
insert into persona_people (persona_id, person_id) values ('shepherd-1', 'eric-chen') on conflict do nothing;
insert into persona_people (persona_id, person_id) values ('shepherd-1', 'joseph-kuwashima') on conflict do nothing;
insert into persona_people (persona_id, person_id) values ('shepherd-1', 'zixuan-chen') on conflict do nothing;
insert into persona_people (persona_id, person_id) values ('shepherd-1', 'michelle-wang') on conflict do nothing;
insert into persona_people (persona_id, person_id) values ('shepherd-1', 'cole-richards') on conflict do nothing;
insert into persona_people (persona_id, person_id) values ('shepherd-1', 'daniel-braswell') on conflict do nothing;
insert into persona_people (persona_id, person_id) values ('shepherd-1', 'angelina-chen') on conflict do nothing;
insert into persona_people (persona_id, person_id) values ('shepherd-1', 'ce-liu') on conflict do nothing;
insert into persona_people (persona_id, person_id) values ('shepherd-1', 'peter-macranie') on conflict do nothing;
insert into persona_people (persona_id, person_id) values ('shepherd-2', 'gillian-tang') on conflict do nothing;
insert into persona_people (persona_id, person_id) values ('shepherd-2', 'lin-ho') on conflict do nothing;
insert into persona_people (persona_id, person_id) values ('shepherd-2', 'mei-li') on conflict do nothing;
insert into persona_people (persona_id, person_id) values ('shepherd-2', 'marni-thompson') on conflict do nothing;
insert into persona_people (persona_id, person_id) values ('shepherd-2', 'miranda-sparklin') on conflict do nothing;
insert into persona_people (persona_id, person_id) values ('shepherd-2', 'jessica-wang') on conflict do nothing;
insert into persona_people (persona_id, person_id) values ('shepherd-2', 'ella-zajonc') on conflict do nothing;
insert into persona_people (persona_id, person_id) values ('shepherd-2', 'leanne-hanson') on conflict do nothing;
insert into persona_people (persona_id, person_id) values ('shepherd-2', 'natalie-cummings') on conflict do nothing;
insert into persona_people (persona_id, person_id) values ('shepherd-2', 'moana-xia') on conflict do nothing;
insert into persona_people (persona_id, person_id) values ('shepherd-2', 'xena-cosgrove') on conflict do nothing;

-- ── Person → shepherd assignments ───────────────────
insert into person_shepherds (person_id, shepherd_id) values ('xiang-you', 'david-kao') on conflict do nothing;
insert into person_shepherds (person_id, shepherd_id) values ('xiang-you', 'shepherd-1') on conflict do nothing;
insert into person_shepherds (person_id, shepherd_id) values ('long-cheng', 'admin') on conflict do nothing;
insert into person_shepherds (person_id, shepherd_id) values ('david-kao', 'luke-zhang') on conflict do nothing;
insert into person_shepherds (person_id, shepherd_id) values ('david-kao', 'shannon-tsai') on conflict do nothing;
insert into person_shepherds (person_id, shepherd_id) values ('yu-shan-tsai', 'david-kao') on conflict do nothing;
insert into person_shepherds (person_id, shepherd_id) values ('yu-shan-tsai', 'melinda-li') on conflict do nothing;
insert into person_shepherds (person_id, shepherd_id) values ('bonnie-drumheller', 'john-thompson') on conflict do nothing;
insert into person_shepherds (person_id, shepherd_id) values ('eva-brooks', 'john-thompson') on conflict do nothing;
insert into person_shepherds (person_id, shepherd_id) values ('janette-blanding', 'john-thompson') on conflict do nothing;
insert into person_shepherds (person_id, shepherd_id) values ('kwan-cheng', 'jay-song') on conflict do nothing;
insert into person_shepherds (person_id, shepherd_id) values ('zachary-daily', 'admin') on conflict do nothing;
insert into person_shepherds (person_id, shepherd_id) values ('lyle-brooks', 'john-thompson') on conflict do nothing;
insert into person_shepherds (person_id, shepherd_id) values ('phyllis-cash', 'john-thompson') on conflict do nothing;
insert into person_shepherds (person_id, shepherd_id) values ('lizhi-daily', 'admin') on conflict do nothing;
insert into person_shepherds (person_id, shepherd_id) values ('yinong-fang', 'admin') on conflict do nothing;
insert into person_shepherds (person_id, shepherd_id) values ('daini-eades', 'shepherd-1') on conflict do nothing;
insert into person_shepherds (person_id, shepherd_id) values ('asia-brady', 'gillian-tang') on conflict do nothing;
insert into person_shepherds (person_id, shepherd_id) values ('asia-brady', 'lisa-levin') on conflict do nothing;
insert into person_shepherds (person_id, shepherd_id) values ('keimei-chang', 'jay-song') on conflict do nothing;
insert into person_shepherds (person_id, shepherd_id) values ('fangyu-ai', 'shepherd-1') on conflict do nothing;
insert into person_shepherds (person_id, shepherd_id) values ('james-forbes', 'john-thompson') on conflict do nothing;
insert into person_shepherds (person_id, shepherd_id) values ('diane-francis', 'john-thompson') on conflict do nothing;
insert into person_shepherds (person_id, shepherd_id) values ('jacob-eades', 'shepherd-1') on conflict do nothing;
insert into person_shepherds (person_id, shepherd_id) values ('jacob-eades', 'admin') on conflict do nothing;
insert into person_shepherds (person_id, shepherd_id) values ('faye-gallier', 'john-thompson') on conflict do nothing;
insert into person_shepherds (person_id, shepherd_id) values ('gordon-goh', 'jay-song') on conflict do nothing;
insert into person_shepherds (person_id, shepherd_id) values ('anna-goh', 'jay-song') on conflict do nothing;
insert into person_shepherds (person_id, shepherd_id) values ('gillian-tang', 'shepherd-2') on conflict do nothing;
insert into person_shepherds (person_id, shepherd_id) values ('lin-ho', 'gillian-tang') on conflict do nothing;
insert into person_shepherds (person_id, shepherd_id) values ('lin-ho', 'shepherd-2') on conflict do nothing;
insert into person_shepherds (person_id, shepherd_id) values ('yixin-jin', 'kevin-tang') on conflict do nothing;
insert into person_shepherds (person_id, shepherd_id) values ('yixin-jin', 'lisa-levin') on conflict do nothing;
insert into person_shepherds (person_id, shepherd_id) values ('yixin-jin', 'gillian-tang') on conflict do nothing;
insert into person_shepherds (person_id, shepherd_id) values ('yixin-jin', 'tyler-levin') on conflict do nothing;
insert into person_shepherds (person_id, shepherd_id) values ('jack-kerns', 'john-thompson') on conflict do nothing;
insert into person_shepherds (person_id, shepherd_id) values ('mei-li', 'shannon-tsai') on conflict do nothing;
insert into person_shepherds (person_id, shepherd_id) values ('mei-li', 'shepherd-2') on conflict do nothing;
insert into person_shepherds (person_id, shepherd_id) values ('jake-guerrero', 'admin') on conflict do nothing;
insert into person_shepherds (person_id, shepherd_id) values ('faith-lang', 'lisa-levin') on conflict do nothing;
insert into person_shepherds (person_id, shepherd_id) values ('faith-lang', 'gillian-tang') on conflict do nothing;
insert into person_shepherds (person_id, shepherd_id) values ('faith-lang', 'melinda-li') on conflict do nothing;
insert into person_shepherds (person_id, shepherd_id) values ('xiaosang-huang', 'jay-song') on conflict do nothing;
insert into person_shepherds (person_id, shepherd_id) values ('tyler-levin', 'admin') on conflict do nothing;
insert into person_shepherds (person_id, shepherd_id) values ('tyler-levin', 'john-thompson') on conflict do nothing;
insert into person_shepherds (person_id, shepherd_id) values ('tyler-levin', 'kevin-tang') on conflict do nothing;
insert into person_shepherds (person_id, shepherd_id) values ('brenda-kerns', 'john-thompson') on conflict do nothing;
insert into person_shepherds (person_id, shepherd_id) values ('rachel-liu', 'admin') on conflict do nothing;
insert into person_shepherds (person_id, shepherd_id) values ('yingguang-liu', 'admin') on conflict do nothing;
insert into person_shepherds (person_id, shepherd_id) values ('tom-mullett', 'john-thompson') on conflict do nothing;
insert into person_shepherds (person_id, shepherd_id) values ('tom-mullett', 'admin') on conflict do nothing;
insert into person_shepherds (person_id, shepherd_id) values ('qing-liu', 'jay-song') on conflict do nothing;
insert into person_shepherds (person_id, shepherd_id) values ('qing-liu', 'john-thompson') on conflict do nothing;
insert into person_shepherds (person_id, shepherd_id) values ('mark-miller', 'admin') on conflict do nothing;
insert into person_shepherds (person_id, shepherd_id) values ('steven-ni', 'kevin-tang') on conflict do nothing;
insert into person_shepherds (person_id, shepherd_id) values ('steven-ni', 'tyler-levin') on conflict do nothing;
insert into person_shepherds (person_id, shepherd_id) values ('steven-ni', 'admin') on conflict do nothing;
insert into person_shepherds (person_id, shepherd_id) values ('chris-nixon', 'john-thompson') on conflict do nothing;
insert into person_shepherds (person_id, shepherd_id) values ('chris-nixon', 'admin') on conflict do nothing;
insert into person_shepherds (person_id, shepherd_id) values ('karen-nixon', 'john-thompson') on conflict do nothing;
insert into person_shepherds (person_id, shepherd_id) values ('marni-thompson', 'john-thompson') on conflict do nothing;
insert into person_shepherds (person_id, shepherd_id) values ('marni-thompson', 'shepherd-2') on conflict do nothing;
insert into person_shepherds (person_id, shepherd_id) values ('vicki-miller', 'admin') on conflict do nothing;
insert into person_shepherds (person_id, shepherd_id) values ('franklin-wang', 'david-kao') on conflict do nothing;
insert into person_shepherds (person_id, shepherd_id) values ('iona-nixon', 'john-thompson') on conflict do nothing;
insert into person_shepherds (person_id, shepherd_id) values ('miranda-sparklin', 'shepherd-1') on conflict do nothing;
insert into person_shepherds (person_id, shepherd_id) values ('miranda-sparklin', 'shepherd-2') on conflict do nothing;
insert into person_shepherds (person_id, shepherd_id) values ('jessica-wang', 'melinda-li') on conflict do nothing;
insert into person_shepherds (person_id, shepherd_id) values ('jessica-wang', 'shepherd-2') on conflict do nothing;
insert into person_shepherds (person_id, shepherd_id) values ('jessica-wang', 'shannon-tsai') on conflict do nothing;
insert into person_shepherds (person_id, shepherd_id) values ('ryan-sparklin', 'kevin-tang') on conflict do nothing;
insert into person_shepherds (person_id, shepherd_id) values ('ryan-sparklin', 'tyler-levin') on conflict do nothing;
insert into person_shepherds (person_id, shepherd_id) values ('ryan-sparklin', 'shepherd-1') on conflict do nothing;
insert into person_shepherds (person_id, shepherd_id) values ('shawn-thompson', 'john-thompson') on conflict do nothing;
insert into person_shepherds (person_id, shepherd_id) values ('jay-song', 'admin') on conflict do nothing;
insert into person_shepherds (person_id, shepherd_id) values ('jay-song', 'john-thompson') on conflict do nothing;
insert into person_shepherds (person_id, shepherd_id) values ('john-thompson', 'jay-song') on conflict do nothing;
insert into person_shepherds (person_id, shepherd_id) values ('john-thompson', 'admin') on conflict do nothing;
insert into person_shepherds (person_id, shepherd_id) values ('sandra-west', 'john-thompson') on conflict do nothing;
insert into person_shepherds (person_id, shepherd_id) values ('zhenying-wang', 'admin') on conflict do nothing;
insert into person_shepherds (person_id, shepherd_id) values ('zhenying-wang', 'rachel-liu') on conflict do nothing;
insert into person_shepherds (person_id, shepherd_id) values ('juiying-yu', 'jay-song') on conflict do nothing;
insert into person_shepherds (person_id, shepherd_id) values ('ella-zajonc', 'shannon-tsai') on conflict do nothing;
insert into person_shepherds (person_id, shepherd_id) values ('ella-zajonc', 'shepherd-2') on conflict do nothing;
insert into person_shepherds (person_id, shepherd_id) values ('ella-zajonc', 'melinda-li') on conflict do nothing;
insert into person_shepherds (person_id, shepherd_id) values ('yingwen-wang', 'shannon-tsai') on conflict do nothing;
insert into person_shepherds (person_id, shepherd_id) values ('xinyi-zhang', 'melinda-li') on conflict do nothing;
insert into person_shepherds (person_id, shepherd_id) values ('xinyi-zhang', 'shannon-tsai') on conflict do nothing;
insert into person_shepherds (person_id, shepherd_id) values ('may-zhan', 'jay-song') on conflict do nothing;
insert into person_shepherds (person_id, shepherd_id) values ('kuo-zhang', 'kevin-tang') on conflict do nothing;
insert into person_shepherds (person_id, shepherd_id) values ('aihua-yi', 'admin') on conflict do nothing;
insert into person_shepherds (person_id, shepherd_id) values ('jiade-zhang', 'david-kao') on conflict do nothing;
insert into person_shepherds (person_id, shepherd_id) values ('weilong-zhuo', 'admin') on conflict do nothing;
insert into person_shepherds (person_id, shepherd_id) values ('peter-zhuang', 'david-kao') on conflict do nothing;
insert into person_shepherds (person_id, shepherd_id) values ('peter-zhuang', 'admin') on conflict do nothing;
insert into person_shepherds (person_id, shepherd_id) values ('yu-ren-liu', 'shepherd-1') on conflict do nothing;
insert into person_shepherds (person_id, shepherd_id) values ('lujia-yin', 'admin') on conflict do nothing;
insert into person_shepherds (person_id, shepherd_id) values ('daiwei-huang', 'charley-xia') on conflict do nothing;
insert into person_shepherds (person_id, shepherd_id) values ('anne-park-braswell', 'shepherd-1') on conflict do nothing;
insert into person_shepherds (person_id, shepherd_id) values ('grace-phillips', 'jessica-wang') on conflict do nothing;
insert into person_shepherds (person_id, shepherd_id) values ('heidi-allen', 'melinda-li') on conflict do nothing;
insert into person_shepherds (person_id, shepherd_id) values ('jubilee-harris', 'shannon-tsai') on conflict do nothing;
insert into person_shepherds (person_id, shepherd_id) values ('david-green', 'shepherd-1') on conflict do nothing;
insert into person_shepherds (person_id, shepherd_id) values ('david-green', 'luke-zhang') on conflict do nothing;
insert into person_shepherds (person_id, shepherd_id) values ('mattaniah-wilson', 'shepherd-1') on conflict do nothing;
insert into person_shepherds (person_id, shepherd_id) values ('chase-cartwright', 'moana-xia') on conflict do nothing;
insert into person_shepherds (person_id, shepherd_id) values ('chase-cartwright', 'charley-xia') on conflict do nothing;
insert into person_shepherds (person_id, shepherd_id) values ('person-row-128', 'david-kao') on conflict do nothing;
insert into person_shepherds (person_id, shepherd_id) values ('deborah-liu', 'shannon-tsai') on conflict do nothing;
insert into person_shepherds (person_id, shepherd_id) values ('deborah-liu', 'melinda-li') on conflict do nothing;
insert into person_shepherds (person_id, shepherd_id) values ('jessica-fang', 'shannon-tsai') on conflict do nothing;
insert into person_shepherds (person_id, shepherd_id) values ('jessica-fang', 'melinda-li') on conflict do nothing;
insert into person_shepherds (person_id, shepherd_id) values ('zach-sun', 'admin') on conflict do nothing;
insert into person_shepherds (person_id, shepherd_id) values ('zach-sun', 'shepherd-1') on conflict do nothing;
insert into person_shepherds (person_id, shepherd_id) values ('kevin-tang', 'tyler-levin') on conflict do nothing;
insert into person_shepherds (person_id, shepherd_id) values ('debbie-liu', 'lisa-levin') on conflict do nothing;
insert into person_shepherds (person_id, shepherd_id) values ('debbie-liu', 'gillian-tang') on conflict do nothing;
insert into person_shepherds (person_id, shepherd_id) values ('gary-yao', 'david-kao') on conflict do nothing;
insert into person_shepherds (person_id, shepherd_id) values ('gary-yao', 'luke-zhang') on conflict do nothing;
insert into person_shepherds (person_id, shepherd_id) values ('blake-levin', 'john-thompson') on conflict do nothing;
insert into person_shepherds (person_id, shepherd_id) values ('blake-levin', 'admin') on conflict do nothing;
insert into person_shepherds (person_id, shepherd_id) values ('eric-chen', 'admin') on conflict do nothing;
insert into person_shepherds (person_id, shepherd_id) values ('eric-chen', 'shepherd-1') on conflict do nothing;
insert into person_shepherds (person_id, shepherd_id) values ('leanne-hanson', 'shepherd-2') on conflict do nothing;
insert into person_shepherds (person_id, shepherd_id) values ('leanne-hanson', 'john-thompson') on conflict do nothing;
insert into person_shepherds (person_id, shepherd_id) values ('natalie-cummings', 'moana-xia') on conflict do nothing;
insert into person_shepherds (person_id, shepherd_id) values ('natalie-cummings', 'shepherd-2') on conflict do nothing;
insert into person_shepherds (person_id, shepherd_id) values ('gabriel-daily', 'kevin-tang') on conflict do nothing;
insert into person_shepherds (person_id, shepherd_id) values ('gabriel-daily', 'tyler-levin') on conflict do nothing;
insert into person_shepherds (person_id, shepherd_id) values ('julia-zhu', 'shannon-tsai') on conflict do nothing;
insert into person_shepherds (person_id, shepherd_id) values ('julia-zhu', 'jessica-wang') on conflict do nothing;
insert into person_shepherds (person_id, shepherd_id) values ('charley-xia', 'kevin-tang') on conflict do nothing;
insert into person_shepherds (person_id, shepherd_id) values ('charley-xia', 'tyler-levin') on conflict do nothing;
insert into person_shepherds (person_id, shepherd_id) values ('moana-xia', 'shepherd-2') on conflict do nothing;
insert into person_shepherds (person_id, shepherd_id) values ('joseph-kuwashima', 'shepherd-1') on conflict do nothing;
insert into person_shepherds (person_id, shepherd_id) values ('joseph-kuwashima', 'luke-zhang') on conflict do nothing;
insert into person_shepherds (person_id, shepherd_id) values ('seoyeon-kim', 'melinda-li') on conflict do nothing;
insert into person_shepherds (person_id, shepherd_id) values ('becky-liu', 'gillian-tang') on conflict do nothing;
insert into person_shepherds (person_id, shepherd_id) values ('becky-liu', 'lisa-levin') on conflict do nothing;
insert into person_shepherds (person_id, shepherd_id) values ('samantha-klotzbach', 'gillian-tang') on conflict do nothing;
insert into person_shepherds (person_id, shepherd_id) values ('samantha-klotzbach', 'lisa-levin') on conflict do nothing;
insert into person_shepherds (person_id, shepherd_id) values ('joyce-huang', 'gillian-tang') on conflict do nothing;
insert into person_shepherds (person_id, shepherd_id) values ('joyce-huang', 'lisa-levin') on conflict do nothing;
insert into person_shepherds (person_id, shepherd_id) values ('shawn-ames', 'tyler-levin') on conflict do nothing;
insert into person_shepherds (person_id, shepherd_id) values ('shawn-ames', 'kevin-tang') on conflict do nothing;
insert into person_shepherds (person_id, shepherd_id) values ('shawn-ames', 'john-thompson') on conflict do nothing;
insert into person_shepherds (person_id, shepherd_id) values ('zixuan-chen', 'shepherd-1') on conflict do nothing;
insert into person_shepherds (person_id, shepherd_id) values ('zixuan-chen', 'melinda-li') on conflict do nothing;
insert into person_shepherds (person_id, shepherd_id) values ('zixuan-chen', 'shannon-tsai') on conflict do nothing;
insert into person_shepherds (person_id, shepherd_id) values ('michelle-wang', 'jessica-wang') on conflict do nothing;
insert into person_shepherds (person_id, shepherd_id) values ('michelle-wang', 'shepherd-1') on conflict do nothing;
insert into person_shepherds (person_id, shepherd_id) values ('cole-richards', 'shepherd-1') on conflict do nothing;
insert into person_shepherds (person_id, shepherd_id) values ('cole-richards', 'luke-zhang') on conflict do nothing;
insert into person_shepherds (person_id, shepherd_id) values ('daniel-braswell', 'admin') on conflict do nothing;
insert into person_shepherds (person_id, shepherd_id) values ('daniel-braswell', 'shepherd-1') on conflict do nothing;
insert into person_shepherds (person_id, shepherd_id) values ('joshua-smith', 'tyler-levin') on conflict do nothing;
insert into person_shepherds (person_id, shepherd_id) values ('xena-cosgrove', 'shepherd-2') on conflict do nothing;
insert into person_shepherds (person_id, shepherd_id) values ('xena-cosgrove', 'rachel-liu') on conflict do nothing;
insert into person_shepherds (person_id, shepherd_id) values ('angelina-chen', 'jessica-wang') on conflict do nothing;
insert into person_shepherds (person_id, shepherd_id) values ('angelina-chen', 'shepherd-1') on conflict do nothing;
insert into person_shepherds (person_id, shepherd_id) values ('ce-liu', 'shepherd-1') on conflict do nothing;
insert into person_shepherds (person_id, shepherd_id) values ('ce-liu', 'luke-zhang') on conflict do nothing;
insert into person_shepherds (person_id, shepherd_id) values ('milani-gladson', 'jessica-wang') on conflict do nothing;
insert into person_shepherds (person_id, shepherd_id) values ('meiqing-wang', 'melinda-li') on conflict do nothing;
insert into person_shepherds (person_id, shepherd_id) values ('bill-cosgrove', 'admin') on conflict do nothing;
insert into person_shepherds (person_id, shepherd_id) values ('bill-cosgrove', 'jay-song') on conflict do nothing;
insert into person_shepherds (person_id, shepherd_id) values ('bill-cosgrove', 'john-thompson') on conflict do nothing;
insert into person_shepherds (person_id, shepherd_id) values ('zizai-liu', 'luke-zhang') on conflict do nothing;
insert into person_shepherds (person_id, shepherd_id) values ('peter-macranie', 'luke-zhang') on conflict do nothing;
insert into person_shepherds (person_id, shepherd_id) values ('peter-macranie', 'shepherd-1') on conflict do nothing;
insert into person_shepherds (person_id, shepherd_id) values ('sara-ellington-2', 'jessica-wang') on conflict do nothing;
insert into person_shepherds (person_id, shepherd_id) values ('roshani-gladson', 'jessica-wang') on conflict do nothing;
insert into person_shepherds (person_id, shepherd_id) values ('dottie-robertson', 'john-thompson') on conflict do nothing;
insert into person_shepherds (person_id, shepherd_id) values ('hannah-vestal', 'jessica-wang') on conflict do nothing;
insert into person_shepherds (person_id, shepherd_id) values ('benjamin-nguyen', 'jessica-wang') on conflict do nothing;
insert into person_shepherds (person_id, shepherd_id) values ('jessie-vestal', 'jessica-wang') on conflict do nothing;
insert into person_shepherds (person_id, shepherd_id) values ('jenna-bradfield', 'jessica-wang') on conflict do nothing;
insert into person_shepherds (person_id, shepherd_id) values ('alpha-zhong', 'david-kao') on conflict do nothing;
insert into person_shepherds (person_id, shepherd_id) values ('annie-xing', 'melinda-li') on conflict do nothing;

